date,avg_score,avg_upvote_ratio,avg_comments
2024-01-04T17,6599.47,0.9358,387.05
2024-01-04T16,7011.54,0.9342,350.12
2024-01-04T15,6494.46,0.9326,399.79
2024-01-04T14,6638.91,0.9394,366.2
2024-01-04T13,6537.46,0.9462,393.5
2024-01-04T12,7676.25,0.9443,444.05
2024-01-04T11,8229.14,0.9415,473.31
2024-01-04T10,8188.2,0.9396,467.79
2024-01-04T09,7824.12,0.9415,454.99
2024-01-04T08,8081.89,0.9399,504.51
2024-01-04T07,8077.06,0.9382,601.12
2024-01-04T06,7638.97,0.9398,548.08
2024-01-04T05,7302.24,0.9375,630.97
2024-01-04T04,8067.16,0.937500000000001,652.79
2024-01-04T03,7419.43,0.9374,633.99
2024-01-04T02,7279.5,0.9414,596.81
2024-01-04T01,7437.58,0.9389,627.4
2024-01-04T00,7040.56,0.9429,512.51
2024-01-03T23,6667.53,0.938,474.83
2024-01-03T22,6980.35,0.940899999999999,475.53
2024-01-03T21,6779.78,0.9414,426.19
2024-01-03T20,6913.51,0.94,440.31
2024-01-03T19,6309.51,0.942499999999999,430.94
2024-01-03T18,6410.64,0.9442,392.54
2024-01-03T17,5918.37,0.9432,364.16
2024-01-03T16,6029.45,0.9439,339.44
2024-01-03T15,6016.5,0.9395,357.01
2024-01-03T14,6430.54,0.9408,338.97
2024-01-03T13,7015.68,0.9389,428.98
2024-01-03T12,6962.4,0.9387,448.67
2024-01-03T11,6792.84,0.9382,428.21
2024-01-03T10,7122.94,0.9366,455.4
2024-01-03T09,8056.64,0.9338,540.39
2024-01-03T08,7792.88,0.9371,513.55
2024-01-03T07,7627.7,0.9372,501.19
2024-01-03T06,8343.08,0.9349,536.52
2024-01-03T05,8430.32,0.936,490.85
2024-01-03T04,8384.99,0.9354,494.11
2024-01-03T03,8197.89,0.935,487.81
2024-01-03T02,8231.71,0.9349,539.57
2024-01-03T01,8661.21,0.9344,553.15
2024-01-03T00,8343.44,0.938,532.98
2024-01-02T23,8407.05,0.9394,508.6
2024-01-02T22,8144.18,0.9414,471.15
2024-01-02T21,7781.72,0.9426,432.47
2024-01-02T20,7327.73,0.9431,374.02
2024-01-02T19,6924.23,0.9411,419.68
2024-01-02T18,6288.31,0.9406,385.81
2024-01-02T17,6044.71,0.943,429.46
2024-01-02T16,6443.57,0.9387,439.14
2024-01-02T15,6337.95,0.9373,423.41
2024-01-02T14,6433.18,0.9353,425.89
2024-01-02T13,6702.79,0.9363,424.49
2024-01-02T12,7156.86,0.9376,540.12
2024-01-02T11,7396.88,0.9371,567.52
2024-01-02T10,8234.89,0.9334,598.39
2024-01-02T09,8245.17,0.9351,587.16
2024-01-02T08,8785.31,0.9377,585.82
2024-01-02T07,8247.67,0.937900000000001,571.84
2024-01-02T06,7860.11,0.931600000000001,553.59
2024-01-02T05,8718.75,0.9303,509.52
2024-01-02T04,8207.72,0.9339,482.11
2024-01-02T03,8812.39,0.9325,497.48
2024-01-02T02,9879.69,0.9362,503.29
2024-01-02T01,9531.59,0.9369,1208.85
2024-01-02T00,8726.37,0.9371,551.86
2024-01-01T23,8941.25,0.9434,490.42
2024-01-01T22,8511.14,0.9452,488.36
2024-01-01T21,8569.15,0.9419,462.04
2024-01-01T20,7894.17,0.9407,467.93
2024-01-01T19,7334.13,0.945599999999999,424.64
2024-01-01T18,6616.19,0.9423,404.71
2024-01-01T17,5635.91,0.9443,338.07
2024-01-01T16,5198.47,0.9441,283.33
2024-01-01T15,5909.12,0.9438,267.2
2024-01-01T14,6461.75,0.9411,281.47
2024-01-01T13,6432.52,0.9433,256.32
2024-01-01T12,6293.13,0.9446,248.27
2024-01-01T11,6450.5,0.9456,263.51
2024-01-01T10,7027.19,0.942,303.56
2024-01-01T09,8090.02,0.9348,373.06
2024-01-01T08,8580.17,0.9345,381.01
2024-01-01T07,8645.37,0.9352,398.38
2024-01-01T06,8305.87,0.9371,389.45
2024-01-01T05,8252.94,0.9386,392.57
2024-01-01T04,8535.06,0.9377,433.73
2024-01-01T03,8041.88,0.9381,409.86
2024-01-01T02,8065.29,0.9384,404.65
2024-01-01T01,8477.36,0.9388,408.32
2024-01-01T00,8529.26,0.9397,452.59
2023-12-31T23,7672.15238095238,0.939047619047619,504.0
2023-12-31T22,7219.06,0.9365,509.61
2023-12-31T21,7012.06,0.9349,486.33
2023-12-31T20,6353.41,0.9353,488.97
2023-12-31T19,6326.15,0.9405,437.08
2023-12-31T18,6246.38,0.942,426.68
2023-12-31T17,5724.61,0.9424,370.58
2023-12-31T16,5890.1,0.9408,329.36
2023-12-31T15,5330.87,0.9431,323.78
2023-12-31T14,5747.67,0.9463,326.91
2023-12-31T13,6525.18,0.9441,408.39
2023-12-31T12,7144.19,0.9457,473.23
2023-12-31T11,7046.38,0.9418,458.41
2023-12-31T10,7491.8,0.9398,472.0
2023-12-31T09,7582.19,0.9389,486.25
2023-12-31T08,7600.32,0.9384,484.29
2023-12-31T07,7345.01,0.9402,478.22
2023-12-31T06,7364.74,0.9411,484.55
2023-12-31T05,7706.94,0.9405,518.83
2023-12-31T04,7582.42574257426,0.938217821782178,561.871287128713
2023-12-31T03,7115.32,0.9398,541.52
2023-12-31T02,7815.25,0.9379,548.06
2023-12-31T01,7407.05,0.9401,561.05
2023-12-31T00,7940.02,0.9379,497.04
2023-12-30T23,6492.94,0.9409,473.32
2023-12-30T22,6393.35,0.9425,413.48
2023-12-30T21,6535.28,0.9396,448.07
2023-12-30T20,6696.43,0.9349,416.4
2023-12-30T19,6574.25,0.9388,410.93
2023-12-30T18,6247.63,0.9339,393.83
2023-12-30T17,5374.02,0.9335,359.81
2023-12-30T16,5546.29,0.9318,388.2
2023-12-30T15,6100.23,0.9292,407.23
2023-12-30T14,7091.9,0.93,435.43
2023-12-30T13,7341.26,0.933199999999999,402.35
2023-12-30T12,7972.47,0.9325,475.57
2023-12-30T11,8315.87,0.9337,490.9
2023-12-30T10,8189.93,0.9354,509.71
2023-12-30T09,8624.65,0.9359,572.64
2023-12-30T08,8522.82,0.9386,551.81
2023-12-30T07,8630.22,0.938,548.74
